{
    "prc": [
        {
            "precision": 0.5815217391304348,
            "recall": 1.0,
            "threshold": 0
        },
        {
            "precision": 0.8921568627450981,
            "recall": 0.8504672897196262,
            "threshold": 1
        }
    ]
}