{
    "prc": [
        {
            "precision": 0.5163043478260869,
            "recall": 1.0,
            "threshold": 0
        },
        {
            "precision": 0.8325358851674641,
            "recall": 0.9157894736842105,
            "threshold": 1
        }
    ]
}