{
    "roc": [
        {
            "fpr": 0.0,
            "tpr": 0.0,
            "threshold": 2
        },
        {
            "fpr": 0.14285714285714285,
            "tpr": 0.8504672897196262,
            "threshold": 1
        },
        {
            "fpr": 1.0,
            "tpr": 1.0,
            "threshold": 0
        }
    ]
}