{
    "roc": [
        {
            "fpr": 0.0,
            "tpr": 0.0,
            "threshold": 2
        },
        {
            "fpr": 0.19662921348314608,
            "tpr": 0.9157894736842105,
            "threshold": 1
        },
        {
            "fpr": 1.0,
            "tpr": 1.0,
            "threshold": 0
        }
    ]
}