{
    "train_score": 87.73841961852861,
    "test_score": 85.32608695652173,
    "roc_auc": 0.9205000606869767,
    "Logistic Accuracy": 0.8532608695652174
}