{
    "train_score": 87.63636363636364,
    "test_score": 86.1413043478261,
    "roc_auc": 0.9102306327616795,
    "Logistic Accuracy": 0.8614130434782609
}